{
  "kmeanspp": {
    "name": "k-means++",
    "mean": 9352.167853762703,
    "std": 514.8661059336029,
    "std_sample": 523.6678735274131,
    "min": 8964.131723355928,
    "max": 11599.585916050091,
    "median": 9356.817873749256,
    "values": [
      9031.982873051988,
      8976.622354780191,
      9339.136370807752,
      8981.110274298419,
      8974.530140303772,
      9352.489884433933,
      9296.133411124567,
      9379.881669366445,
      9305.424500382076,
      9361.14586306458,
      9364.776510304357,
      11599.585916050091,
      10228.528670592723,
      8966.164287381234,
      9364.678896325104,
      9381.704724277886,
      9412.227819804013,
      9374.607859195716,
      8965.891549782074,
      9364.217911801668,
      10141.220639587364,
      9381.704724277886,
      8974.869752315177,
      9364.214607556192,
      8979.14750883037,
      9365.175426696364,
      8974.372541282155,
      9365.17542669636,
      8964.131723355928,
      9034.181775154668
    ]
  },
  "random": {
    "name": "random",
    "mean": 12133.903048604607,
    "std": 3598.701682431767,
    "std_sample": 3660.2224069136832,
    "min": 8965.289924537052,
    "max": 27826.43588806478,
    "median": 11541.607903300492,
    "values": [
      9344.36943222784,
      9045.203149080047,
      9305.814364695958,
      9360.924378568829,
      13278.103360064362,
      16181.24992576434,
      12790.13399245787,
      12805.909186573128,
      11964.459062001584,
      13501.695019863357,
      12958.051817416994,
      8974.380176881326,
      10224.82045234417,
      11961.800608827834,
      16176.07793227167,
      11574.207904657951,
      27826.43588806478,
      13139.471586868749,
      10535.0773396648,
      10506.54267965214,
      11509.007901943032,
      8975.026343830146,
      12937.003586372613,
      10624.935661412082,
      12646.140002654944,
      16252.87263279814,
      10222.90734062321,
      10214.704128972384,
      8965.289924537052,
      10214.475677046841
    ]
  },
  "data_seed": 42,
  "n_samples": 5000,
  "k": 10,
  "n_trials": 30,
  "quantiles_pp": [
    8964.131723355928,
    8979.638200197383,
    9356.817873749256,
    9372.249751070878,
    9485.12710178235,
    11599.585916050091
  ],
  "quantiles_rd": [
    8965.289924537052,
    10214.532790028226,
    11541.607903300492,
    12952.789759655898,
    16176.595131620938,
    27826.43588806478
  ],
  "n_random_beats_best_pp": 0,
  "n_random_worse_than_worst_pp": 14,
  "mannwhitneyu_u": 159.0,
  "mannwhitneyu_p": 1.7474432821083135e-05,
  "mean_paired_diff": 2781.735194841904,
  "n_random_smaller_pp_per_trial": 4
}