{
  "settings": {
    "n_samples": 5000,
    "data_seed": 42,
    "ks": [
      5,
      10,
      20,
      50
    ],
    "n_trials_opt": 200,
    "n_trials_ratio": 50,
    "cluster_std": 1.0,
    "n_features": 2,
    "max_iter": 300,
    "n_init_per_call": 1
  },
  "results": {
    "5": {
      "opt_star": 4140580.2837693873,
      "n_trials_opt": 200,
      "n_trials_ratio": 50,
      "ratios": [
        1.022494594443476,
        1.011254590487428,
        1.0574968586381424,
        1.0118960332815468,
        1.012320165698911,
        1.011926765950521,
        1.0224934451582508,
        1.022494594443476,
        1.0239917952318898,
        1.0574968586381428,
        1.058246505317847,
        1.0108377098420556,
        1.0230111667065804,
        1.0574968586381426,
        1.058246505317847,
        1.0123213145480816,
        1.02399179523189,
        1.0582465053178471,
        1.0116324653849906,
        1.058246505317847,
        1.058246505317847,
        1.058246505317847,
        1.022494594443476,
        1.0125687425011003,
        1.0224934451582508,
        1.0119625267050099,
        1.0224934451582506,
        1.0118519532850783,
        1.0115863013523743,
        1.0120665126823918,
        1.058293969540238,
        1.01209515611755,
        1.0239917952318895,
        1.0574958289507637,
        1.011634560197495,
        1.011254590487428,
        1.02399179523189,
        1.0582465053178467,
        1.0120963607662534,
        1.0123213145480818,
        1.0108273469030888,
        1.012126962072368,
        1.0239917952318898,
        1.058252239222292,
        1.057499946909592,
        1.0239917952318898,
        1.0123201656989111,
        1.0116324653849904,
        1.0582465053178467,
        1.022494594443476
      ],
      "inertias": [
        4233720.958013432,
        4187180.81924353,
        4378650.643025155,
        4189836.7646300243,
        4191592.91895507,
        4189964.0157132465,
        4233716.199305689,
        4233720.958013432,
        4239920.238078782,
        4378650.643025157,
        4381754.615286933,
        4185454.691462616,
        4235859.866941185,
        4378650.643025156,
        4381754.615286933,
        4191597.6758572953,
        4239920.238078783,
        4381754.615286934,
        4188745.4405941097,
        4381754.615286933,
        4381754.615286933,
        4381754.615286933,
        4233720.958013432,
        4192622.171161217,
        4233716.199305689,
        4190112.0859882156,
        4233716.199305688,
        4189654.247865738,
        4188554.294710839,
        4190542.6482759523,
        4381951.14471035,
        4190661.248718827,
        4239920.238078781,
        4378646.379521896,
        4188754.1143334634,
        4187180.8192435303,
        4239920.238078783,
        4381754.615286932,
        4190666.236663498,
        4191597.675857296,
        4185411.782881848,
        4190792.943828254,
        4239920.238078782,
        4381778.356978627,
        4378663.430261031,
        4239920.238078782,
        4191592.9189550704,
        4188745.440594109,
        4381754.615286932,
        4233720.958013432
      ],
      "mean_ratio": 1.0288591851664466,
      "max_ratio": 1.058293969540238,
      "min_ratio": 1.0108273469030888,
      "median_ratio": 1.022494594443476,
      "std_ratio": 0.0196422455715329,
      "p95_ratio": 1.0582465053178471,
      "theoretical_bound_8_lnk_plus_2": 28.875503299472804,
      "theoretical_bound_2_lnk": 3.2188758248682006
    },
    "10": {
      "opt_star": 1011015.5253576008,
      "n_trials_opt": 200,
      "n_trials_ratio": 50,
      "ratios": [
        1.1030400143011077,
        1.0252846311379333,
        1.0732991429342627,
        1.0480501726648601,
        1.0718777693063657,
        1.0692796159937343,
        1.1281461588889246,
        1.069805606236257,
        1.0701623898110517,
        1.0750156438334022,
        1.02573517847168,
        1.048231603545417,
        1.0992055409830646,
        1.094370041648187,
        1.0918875760412556,
        1.1036850278055677,
        1.0511983044753281,
        1.0906493116739333,
        1.0446962002937148,
        1.0765411328130075,
        1.047007825974432,
        1.0242505167547375,
        1.070538384370919,
        1.025956228191405,
        1.115058496128241,
        1.1034910703259455,
        1.0909252834112595,
        1.1027623601358645,
        1.0490055975301487,
        1.042797758487367,
        1.100122878704368,
        1.0473169664540651,
        1.0745459046226626,
        1.1263356472869182,
        1.051426270984885,
        1.075821373245731,
        1.102129676261772,
        1.0918875760412556,
        1.1502522756776332,
        1.0751880814810089,
        1.050416053830932,
        1.0698056062362569,
        1.0677625978044294,
        1.1286738824001652,
        1.0493158147579753,
        1.0528445185330104,
        1.0496726228406217,
        1.0479462051984116,
        1.0489960655705068,
        1.0223518081781708
      ],
      "inertias": [
        1115190.5795490898,
        1036578.6799909915,
        1085122.0968595461,
        1059594.9959178877,
        1083685.0660544084,
        1081058.292718079,
        1140573.2815092455,
        1081590.077019456,
        1081950.790752766,
        1086857.5059178665,
        1037034.1903403178,
        1059778.4253549099,
        1111313.8674929787,
        1106425.1025925612,
        1103915.2913227873,
        1115842.6982161643,
        1062777.806054143,
        1102663.3868229273,
        1056204.0777790393,
        1088399.7989600094,
        1058541.1672310599,
        1035533.174294585,
        1082330.9270902418,
        1037257.6750388357,
        1127341.4512675498,
        1115646.6041930069,
        1102942.398533924,
        1114909.8668773489,
        1060560.9452900072,
        1054284.723638834,
        1112241.3101712128,
        1058853.7130554854,
        1086382.5922829397,
        1138742.826170777,
        1063008.2837345665,
        1087672.110862968,
        1114270.213657998,
        1103915.2913227873,
        1162922.9087879981,
        1087031.843056753,
        1061986.9385079376,
        1081590.0770194558,
        1079524.5637764418,
        1141106.818172206,
        1060874.5797235733,
        1064442.1540245218,
        1061235.3182347019,
        1059489.8831951763,
        1060551.3083308223,
        1033613.5504455465
      ],
      "mean_ratio": 1.0722953282056031,
      "max_ratio": 1.1502522756776332,
      "min_ratio": 1.0223518081781708,
      "median_ratio": 1.0703503870909854,
      "std_ratio": 0.03007703743416255,
      "p95_ratio": 1.1273314286680216,
      "theoretical_bound_8_lnk_plus_2": 34.42068074395236,
      "theoretical_bound_2_lnk": 4.605170185988091
    },
    "20": {
      "opt_star": 258051.9865942876,
      "n_trials_opt": 200,
      "n_trials_ratio": 50,