N,L1_mean,L1_std,Max_mean,Max_std,n_seeds
2000,0.5333130149843865,0.10283763097975311,0.11185953370840056,0.031130275114189455,3
5000,0.3534857663016342,0.04816693337690478,0.05840536114831648,0.017429351466734987,3
10000,0.23440338596379448,0.029108507591994286,0.03205385882126758,0.006412280683613044,3
20000,0.23315734292768753,0.031889706668687165,0.04102633282132533,0.00612352504752199,3
50000,0.15374420045663795,0.015006165921752294,0.02117665179071185,0.005208338920506852,3
100000,0.09467182908880867,0.004601377574915673,0.012353292376270466,0.0010406749909249837,3
