{
  "uniform": {
    "w": [
      128,
      256,
      512,
      1024,
      2048,
      4096
    ],
    "mean": [
      7453.870420666666,
      3657.0852680000003,
      1772.7795413333333,
      847.9628053333332,
      395.75365600000003,
      176.97003866666668
    ],
    "p99": [
      7820.333333333333,
      3943.6666666666665,
      1973.6666666666667,
      991.6666666666666,
      496.3333333333333,
      248.33333333333334
    ]
  },
  "zipfian": {
    "w": [
      128,
      256,
      512,
      1024,
      2048,
      4096
    ],
    "mean": [
      4128.837934666667,
      1825.7387680000002,
      786.9575286666667,
      335.512814,
      137.57379533333332,
      53.070388
    ],
    "p99": [
      5893.0,
      2937.6666666666665,
      1282.0,
      572.0,
      261.3333333333333,
      116.33333333333333
    ]
  }
}