{
  "uniform": {
    "w": [
      128,
      256,
      512,
      1024,
      2048,
      4096
    ],
    "mean": [
      7468.974966666667,
      3665.824943333333,
      1782.990156666667,
      856.69323,
      404.33907,
      185.37288333333333
    ],
    "p99": [
      7716.003333333331,
      3840.6666666666665,
      1906.3333333333333,
      942.3333333333334,
      464.3333333333333,
      226.66666666666666
    ],
    "max": [
      7964.333333333333,
      3979.3333333333335,
      2004.6666666666667,
      1007.3333333333334,
      516.6666666666666,
      265.6666666666667
    ]
  },
  "zipfian": {
    "w": [
      128,
      256,
      512,
      1024,
      2048,
      4096
    ],
    "mean": [
      4083.965646666667,
      1820.968296666667,
      794.9065399999998,
      340.93378333333334,
      141.7473066666667,
      56.62772
    ],
    "p99": [
      5080.669999999998,
      2337.336666666665,
      1055.3366666666648,
      472.0,
      206.33333333333334,
      89.66666666666667
    ],
    "max": [
      6773.666666666667,
      3212.6666666666665,
      1585.6666666666667,
      695.3333333333334,
      375.6666666666667,
      186.0
    ]
  }
}