{
  "epsilon": 1.0,
  "N": 1000,
  "B": 10,
  "trials": 200000,
  "seed": 20260626,
  "true_count": 900,
  "true_sum": 4933.0,
  "true_mean": 4.933,
  "queries": [
    {
      "name": "count",
      "delta_f": 1.0,
      "scale": 1.0,
      "mae": 0.9992052175221464,
      "mae_theory": 1.0
    },
    {
      "name": "sum[0,B]",
      "delta_f": 10.0,
      "scale": 10.0,
      "mae": 10.00544748486057,
      "mae_theory": 10.0
    },
    {
      "name": "mean",
      "delta_f": 0.001,
      "scale": 0.001,
      "mae": 0.000995819176805994,
      "mae_theory": 0.001
    }
  ]
}