{
  "seed": 12345,
  "d": 100,
  "n_pairs": 1000,
  "bs": [
    16,
    64,
    256,
    1024
  ],
  "per_b": {
    "16": {
      "mae": 0.30518810735136714,
      "rmse": 0.3722636677265656,
      "mean_err": 0.010814028457303724,
      "std_err": 0.37210656416913623,
      "rmse_sqrt_b": 1.4890546709062624
    },
    "64": {
      "mae": 0.150876094058347,
      "rmse": 0.18580432887962806,
      "mean_err": -0.002518441351351484,
      "std_err": 0.1857872602832842,
      "rmse_sqrt_b": 1.4864346310370244
    },
    "256": {
      "mae": 0.07692912170327472,
      "rmse": 0.09749498262945358,
      "mean_err": 0.005825317171816988,
      "std_err": 0.09732079591621304,
      "rmse_sqrt_b": 1.5599197220712573
    },
    "1024": {
      "mae": 0.03924313645727163,
      "rmse": 0.04902091228705207,
      "mean_err": -0.0015704536580216327,
      "std_err": 0.04899574998673721,
      "rmse_sqrt_b": 1.5686691931856662
    }
  },
  "true_cos_mean": 0.0021326193691649565
}