{
  "config": {
    "n_samples": 5000,
    "n_features": 10,
    "true_centers": 60,
    "cluster_std": 0.8,
    "data_seed": 1234,
    "k_values": [
      5,
      10,
      20,
      50
    ],
    "n_runs": 120,
    "run_states": [
      1,
      2,
      3,
      4,
      5,
      6,
      7,
      8,
      9,
      10,
      11,
      12,
      13,
      14,
      15,
      16,
      17,
      18,
      19,
      20,
      21,
      22,
      23,
      24,
      25,
      26,
      27,
      28,
      29,
      30,
      31,
      32,
      33,
      34,
      35,
      36,
      37,
      38,
      39,
      40,
      41,
      42,
      43,
      44,
      45,
      46,
      47,
      48,
      49,
      50,
      51,
      52,
      53,
      54,
      55,
      56,
      57,
      58,
      59,
      60,
      61,
      62,
      63,
      64,
      65,
      66,
      67,
      68,
      69,
      70,
      71,
      72,
      73,
      74,
      75,
      76,
      77,
      78,
      79,
      80,
      81,
      82,
      83,
      84,
      85,
      86,
      87,
      88,
      89,
      90,
      91,
      92,
      93,
      94,
      95,
      96,
      97,
      98,
      99,
      100,
      101,
      102,
      103,
      104,
      105,
      106,
      107,
      108,
      109,
      110,
      111,
      112,
      113,
      114,
      115,
      116,
      117,
      118,
      119,
      120
    ]
  },
  "rows": {
    "5": {
      "opt_star": 1174052.2538853167,
      "ratio_mean": 1.0246265768248626,
      "ratio_std": 0.012447861992776707,
      "ratio_max": 1.0574481245065506,
      "ratio_p50": 1.024412124255004,
      "ratio_p95": 1.0478530197070839,
      "ratio_min": 1.0
    },
    "10": {
      "opt_star": 890350.9888541889,
      "ratio_mean": 1.0368419179464867,
      "ratio_std": 0.017365692737217137,
      "ratio_max": 1.090184086822825,
      "ratio_p50": 1.034273553466495,
      "ratio_p95": 1.0640136220883891,
      "ratio_min": 1.0
    },
    "20": {
      "opt_star": 542541.0387574886,
      "ratio_mean": 1.0699851449955946,
      "ratio_std": 0.031998059297281556,
      "ratio_max": 1.1496673560461923,
      "ratio_p50": 1.0743389377050483,
      "ratio_p95": 1.1181408778820014,
      "ratio_min": 1.0
    },
    "50": {
      "opt_star": 93418.03290783655,
      "ratio_mean": 1.067516605028888,
      "ratio_std": 0.035278294585367694,
      "ratio_max": 1.1878256924791606,
      "ratio_p50": 1.0636128154012199,
      "ratio_p95": 1.1302483843865223,
      "ratio_min": 1.0
    }
  }
}