{
  "0.5": {
    "cluster_std": 0.5,
    "inertia_kmeanspp": [
      2383.7493974891495,
      2383.765286754665,
      2383.765286754665,
      2560.854899722339,
      2564.1610732891663,
      2383.7630716129847,
      2570.266722999568,
      2558.6413001151727,
      2383.747158202448,
      2577.1834121566294,
      2562.945393620128,
      2383.7471582024477,
      2383.7516418722685,
      2383.755033646519,
      2557.87792950169,
      2575.4807607465145,
      2571.385045002059,
      2383.749817475114,
      2383.7572780296377,
      3508.7841802812927
    ],
    "inertia_random": [
      5361.557126041219,
      3507.6622479241596,
      9451.813891461903,
      2564.971515664712,
      6523.870184253893,
      13583.44422137963,
      6324.217673795004,
      6320.28156420994,
      5364.046534668486,
      13723.219803380263,
      6344.034697550337,
      9444.34736512258,
      18653.77893783129,
      5364.081933287688,
      12468.91879999579,
      5190.153156194551,
      21495.53470858219,
      6320.183748506995,
      2562.7706954817304,
      10763.93157729619
    ],
    "mean_inertia_kmeanspp": 2522.256592373723,
    "mean_inertia_random": 8566.641019131428,
    "std_inertia_kmeanspp": 243.22065549599125,
    "std_inertia_random": 5031.674998575571,
    "min_inertia_kmeanspp": 2383.7471582024477,
    "min_inertia_random": 2562.7706954817304,
    "ratio_random_over_kmeanspp": 3.39641931952263
  },
  "1.0": {
    "cluster_std": 1.0,
    "inertia_kmeanspp": [
      8964.093025793018,
      8964.093025793016,
      9338.07968109637,
      8964.105301122798,
      8964.093025793014,
      9351.202575532216,
      9295.70469640542,
      9374.114526814803,
      9300.509197507343,
      9359.048443796746,
      9363.930169002866,
      11588.710909238727,
      10143.151671463833,
      8964.058943618827,
      9363.926437630244,
      9374.450448089689,
      9411.710604591517,
      9372.925175388498,
      8964.058943618827,
      9364.040500007959
    ],
    "inertia_random": [
      9343.554836303594,
      8964.105301122798,
      9305.794320481944,
      9360.30038506492,
      13277.879410984026,
      16177.948349551838,
      12790.007044823542,
      12802.383270511735,
      11960.12937050297,
      13500.738198603247,
      12889.41427507831,
      8964.093025793014,
      10198.843051877004,
      11961.247089696675,
      16175.22469590867,
      11563.76275028809,
      27824.757315162136,
      13138.663285933899,
      10534.93213210992,
      10504.616919044805
    ],
    "mean_inertia_kmeanspp": 9389.300365115287,
    "mean_inertia_random": 12561.919751442158,
    "std_inertia_kmeanspp": 570.7598002723444,
    "std_inertia_random": 4085.1765969701473,
    "min_inertia_kmeanspp": 8964.058943618827,
    "min_inertia_random": 8964.093025793014,
    "ratio_random_over_kmeanspp": 1.3378973153435716
  },
  "1.5": {
    "cluster_std": 1.5,
    "inertia_kmeanspp": [
      20679.933199124367,
      18508.97888669278,
      19086.573807945642,
      18541.657536422535,
      18533.993248296007,
      20785.348553838234,
      18504.38599068715,
      18504.347127557994,
      19974.86746433759,
      18508.940023563617,
      18527.823475575464,
      19223.8025759227,
      19010.44136258674,
      19112.892338545902,
      18504.347127557994,
      19876.77910437305,
      19087.186095788853,
      19010.317877203383,
      18510.923184524574,
      19952.396015035025
    ],
    "inertia_random": [
      19106.107747739083,
      19675.78238742126,
      19091.708648336957,
      19124.96166546298,
      19895.93758916746,
      19015.3381484962,
      19871.153253393397,
      22283.408477211746,
      21676.97670955194,
      20903.171907418913,
      20965.927697402683,
      18538.235792525207,
      19656.2933994107,
      21397.145998964726,
      19015.338148496205,
      20821.88985286899,
      36934.13553286646,
      22272.30260399284,
      19933.334146979985,
      20509.203096618752
    ],
    "mean_inertia_kmeanspp": 19122.296749778983,
    "mean_inertia_random": 21034.41764021632,
    "std_inertia_kmeanspp": 725.376832212249,
    "std_inertia_random": 3807.2981506388373,
    "min_inertia_kmeanspp": 18504.347127557994,
    "min_inertia_random": 18538.235792525207,
    "ratio_random_over_kmeanspp": 1.0999943111153443
  },
  "2.5": {
    "cluster_std": 2.5,
    "inertia_kmeanspp": [
      40463.20774640064,
      38973.55005668829,
      38279.68536047233,
      38936.64152212021,
      38281.688114347824,
      38934.53389305389,
      38952.047706608704,
      38272.15880464433,
      39098.94648730594,
      38767.650918565094,
      38908.450814215044,
      38973.550056688284,
      38275.87724658736,
      39999.69808802648,
      38268.33701545954,
      39344.991575354674,
      40928.60949712927,
      38279.72799694861,
      38272.03946809003,
      39238.8387251352
    ],
    "inertia_random": [
      38273.86451558428,
      38779.340179970866,
      39239.86442482369,
      39004.20657429708,
      40038.6403480872,
      38486.20824322713,
      39075.94162869336,
      39299.757567679364,
      38486.198113319166,
      39342.11548681482,
      40014.51884597081,
      38270.196981346,
      39366.652249510415,
      38874.182644173656,
      39060.76151207013,
      38272.05279281837,
      38275.66868519614,
      38279.533885623714,
      39239.17006490497,
      39238.72159761117
    ],
    "mean_inertia_kmeanspp": 38972.51155469209,
    "mean_inertia_random": 38945.87981708611,
    "std_inertia_kmeanspp": 734.0979435899907,
    "std_inertia_random": 538.4231893854898,
    "min_inertia_kmeanspp": 38268.33701545954,
    "min_inertia_random": 38270.196981346,
    "ratio_random_over_kmeanspp": 0.9993166532885979
  },
  "4.0": {
    "cluster_std": 4.0,
    "inertia_kmeanspp": [
      64761.30355542985,
      65151.95195751727,
      65131.491405690795,
      64753.33181382134,
      64846.57002048366,
      65390.31966379366,
      65922.69230909842,
      64747.55857961837,
      65617.00045940797,
      65562.8795986375,
      65042.7149564038,
      64759.33702988694,
      64915.50019554967,
      64772.24451459249,
      65140.930361328465,
      65593.26146590685,
      65507.836138285405,
      64837.057120059835,
      65341.25701260188,
      65512.26291176516
    ],
    "inertia_random": [
      65903.81115298878,
      65671.56762219442,
      64958.253020318545,
      65391.52741524873,
      65329.61136189083,
      64832.28262272152,
      65400.216927811896,
      64837.08027674615,
      64803.72976370648,
      65059.30116637862,
      66683.28191200846,
      65171.352964110854,
      64759.90139129551,
      64978.429793410905,
      65496.07522567072,
      64747.75968494949,
      65134.493616604275,
      65140.49606834519,
      64950.85272937267,
      65141.90418626574
    ],
    "mean_inertia_kmeanspp": 65165.37505349397,
    "mean_inertia_random": 65219.59644510199,
    "std_inertia_kmeanspp": 357.3246068271769,
    "std_inertia_random": 453.5966401148065,
    "min_inertia_kmeanspp": 64747.55857961837,
    "min_inertia_random": 64747.75968494949,
    "ratio_random_over_kmeanspp": 1.000832058306478
  }
}