{
  "settings": {
    "epsilon": 1.0,
    "n": 1000,
    "trials": 20000,
    "seed": 42,
    "B": 10.0
  },
  "results": [
    {
      "sensitivity": 1.0,
      "scale_b": 1.0,
      "theoretical_mae": 1.0,
      "empirical_mae": 1.0053491081772519,
      "empirical_std": 1.0184807032004475,
      "name": "a) Count query       (binary, \u0394f=1)",
      "true_value": 509.0
    },
    {
      "sensitivity": 10.0,
      "scale_b": 10.0,
      "theoretical_mae": 10.0,
      "empirical_mae": 9.998842488643811,
      "empirical_std": 9.94916712755264,
      "name": "b) Bounded sum query  (x_i \u2208 [0,B], \u0394f=B, B=10)",
      "true_value": 5016.244994585178
    },
    {
      "sensitivity": 0.001,
      "scale_b": 0.001,
      "theoretical_mae": 0.001,
      "empirical_mae": 0.000994622005425707,
      "empirical_std": 0.0010012858151277402,
      "name": "c) Mean query         (x_i \u2208 [0,1],   \u0394f=1/n)",
      "true_value": 0.49890583899407454
    }
  ]
}