{
  "graph": {
    "generator": "barabasi_albert_graph(3000,3,seed=42) largest CC",
    "n": 3000,
    "m": 8991,
    "avg_deg": 5.994
  },
  "networkx_version": "2.8.8",
  "exact_time_s": 10.473746987001505,
  "sum_bc_exact": 2.849202124524051,
  "max_bc_exact": 0.15756508024180615,
  "seeds": [
    101,
    202,
    303,
    404,
    505,
    606,
    707
  ],
  "k_grid": [
    10,
    50,
    100,
    500,
    2000
  ],
  "fit_err_vs_K": {
    "exponent": -0.6452825149683521,
    "c": 0.5095384991190239,
    "R2": -0.1377167249939828
  },
  "results": {
    "10": {
      "nrep": 7,
      "err_max_mean": 0.09409593290843558,
      "err_max_std": 0.03191879498516572,
      "err_l1_mean": 2.1172850038265674,
      "err_l1_std": 0.12951317868438483,
      "err_rmse_mean": 0.0038420676932739693,
      "err_rmse_std": 0.00025722481155146136,
      "spearman_mean": 0.8178098962645917,
      "spearman_std": 0.010354265667949183,
      "top20_mean": 0.4857142857142857,
      "top20_std": 0.055634864026418686,
      "bias_mean": -6.820257895720105e-07,
      "time_mean": 0.035541547279405804,
      "time_std": 0.0037701556749633954,
      "time_exact": 10.473746987001505,
      "speedup_mean": 294.6902368842679
    },
    "50": {
      "nrep": 7,
      "err_max_mean": 0.04521449534141021,
      "err_max_std": 0.013679853697751845,
      "err_l1_mean": 1.5001206343411055,
      "err_l1_std": 0.06775759626638711,
      "err_rmse_mean": 0.0018302271287075418,
      "err_rmse_std": 0.0001676485747759917,
      "spearman_mean": 0.8621109383297869,
      "spearman_std": 0.011978378534084268,
      "top20_mean": 0.7928571428571428,
      "top20_std": 0.053452248382484885,
      "bias_mean": 1.1140556069809865e-06,
      "time_mean": 0.1747696694219485,
      "time_std": 0.0037824973889669304,
      "time_exact": 10.473746987001505,
      "speedup_mean": 59.928859633616476
    },
    "100": {
      "nrep": 7,
      "err_max_mean": 0.02893158404397429,
      "err_max_std": 0.007647442113041666,
      "err_l1_mean": 1.2010875131623464,
      "err_l1_std": 0.028098233827139708,
      "err_rmse_mean": 0.001250694258643113,
      "err_rmse_std": 8.768291426347267e-05,
      "spearman_mean": 0.8805213053277641,
      "spearman_std": 0.006110944184696049,
      "top20_mean": 0.8428571428571429,
      "top20_std": 0.04498677054212186,
      "bias_mean": -2.9784486862795644e-06,
      "time_mean": 0.3547485059992011,
      "time_std": 0.003133867600843636,
      "time_exact": 10.473746987001505,
      "speedup_mean": 29.524428742837586
    },
    "500": {
      "nrep": 7,
      "err_max_mean": 0.012252647394321598,
      "err_max_std": 0.004052894034132036,
      "err_l1_mean": 0.6286743250552147,
      "err_l1_std": 0.013728865627503736,
      "err_rmse_mean": 0.0005338876751098328,
      "err_rmse_std": 3.896206632283883e-05,
      "spearman_mean": 0.9331830873695494,
      "spearman_std": 0.0016366606422017597,
      "top20_mean": 0.9500000000000001,
      "top20_std": 1.199177923332954e-16,
      "bias_mean": -4.084506879633196e-07,
      "time_mean": 1.7619187300026948,
      "time_std": 0.01763985201611425,
      "time_exact": 10.473746987001505,
      "speedup_mean": 5.9445119735945395
    },
    "2000": {
      "nrep": 7,
      "err_max_mean": 0.002841685800402015,
      "err_max_std": 0.0008123958946347927,
      "err_l1_mean": 0.20098109566028857,
      "err_l1_std": 0.0032274745856018423,
      "err_rmse_mean": 0.00015807106929680904,
      "err_rmse_std": 1.1917572660289498e-05,
      "spearman_mean": 0.987801388866821,
      "spearman_std": 0.0002967751863767001,
      "top20_mean": 0.9857142857142858,
      "top20_std": 0.02439750182371335,
      "bias_mean": -5.030690948675707e-08,
      "time_mean": 7.068371469271369,
      "time_std": 0.06220878022037809,
      "time_exact": 10.473746987001505,
      "speedup_mean": 1.4817765354487196
    }
  }
}