{
  "problem": {
    "jobs": 5,
    "machines": [
      1,
      2,
      3
    ],
    "operations_per_job": 3,
    "horizon_upper_bound": 30,
    "routing": {
      "J1": [
        [
          1,
          2
        ],
        [
          2,
          3
        ],
        [
          3,
          1
        ]
      ],
      "J2": [
        [
          2,
          1
        ],
        [
          3,
          2
        ],
        [
          1,
          3
        ]
      ],
      "J3": [
        [
          3,
          3
        ],
        [
          1,
          2
        ],
        [
          2,
          2
        ]
      ],
      "J4": [
        [
          1,
          1
        ],
        [
          3,
          2
        ],
        [
          2,
          3
        ]
      ],
      "J5": [
        [
          2,
          2
        ],
        [
          1,
          1
        ],
        [
          3,
          2
        ]
      ]
    }
  },
  "sat_mode": {
    "runs": [
      {
        "status": "sat",
        "elapsed_sec": 0.0029337930027395487,
        "makespan": 29,
        "assignment": {
          "s_1_0": 0,
          "s_1_1": 2,
          "s_1_2": 5,
          "s_2_0": 5,
          "s_2_1": 6,
          "s_2_2": 8,
          "s_3_0": 14,
          "s_3_1": 17,
          "s_3_2": 19,
          "s_4_0": 11,
          "s_4_1": 12,
          "s_4_2": 21,
          "s_5_0": 24,
          "s_5_1": 26,
          "s_5_2": 27
        }
      },
      {
        "status": "sat",
        "elapsed_sec": 0.0019116000039502978,
        "makespan": 29,
        "assignment": {
          "s_1_0": 0,
          "s_1_1": 2,
          "s_1_2": 5,
          "s_2_0": 5,
          "s_2_1": 6,
          "s_2_2": 8,
          "s_3_0": 14,
          "s_3_1": 17,
          "s_3_2": 19,
          "s_4_0": 11,
          "s_4_1": 12,
          "s_4_2": 21,
          "s_5_0": 24,
          "s_5_1": 26,
          "s_5_2": 27
        }
      },
      {
        "status": "sat",
        "elapsed_sec": 0.0018712590681388974,
        "makespan": 29,
        "assignment": {
          "s_1_0": 0,
          "s_1_1": 2,
          "s_1_2": 5,
          "s_2_0": 5,
          "s_2_1": 6,
          "s_2_2": 8,
          "s_3_0": 14,
          "s_3_1": 17,
          "s_3_2": 19,
          "s_4_0": 11,
          "s_4_1": 12,
          "s_4_2": 21,
          "s_5_0": 24,
          "s_5_1": 26,
          "s_5_2": 27
        }
      },
      {
        "status": "sat",
        "elapsed_sec": 0.001841378048993647,
        "makespan": 29,
        "assignment": {
          "s_1_0": 0,
          "s_1_1": 2,
          "s_1_2": 5,
          "s_2_0": 5,
          "s_2_1": 6,
          "s_2_2": 8,
          "s_3_0": 14,
          "s_3_1": 17,
          "s_3_2": 19,
          "s_4_0": 11,
          "s_4_1": 12,
          "s_4_2": 21,
          "s_5_0": 24,
          "s_5_1": 26,
          "s_5_2": 27
        }
      },
      {
        "status": "sat",
        "elapsed_sec": 0.0018416279926896095,
        "makespan": 29,
        "assignment": {
          "s_1_0": 0,
          "s_1_1": 2,
          "s_1_2": 5,
          "s_2_0": 5,
          "s_2_1": 6,
          "s_2_2": 8,
          "s_3_0": 14,
          "s_3_1": 17,
          "s_3_2": 19,
          "s_4_0": 11,
          "s_4_1": 12,
          "s_4_2": 21,
          "s_5_0": 24,
          "s_5_1": 26,
          "s_5_2": 27
        }
      }
    ],
    "mean_elapsed_sec": 0.0020799316233024003,
    "min_elapsed_sec": 0.001841378048993647,
    "median_elapsed_sec": 0.0018712590681388974,
    "objective_values": [
      29,
      29,
      29,
      29,
      29
    ],
    "first_objective": 29,
    "first_assignment": {
      "s_1_0": 0,
      "s_1_1": 2,
      "s_1_2": 5,
      "s_2_0": 5,
      "s_2_1": 6,
      "s_2_2": 8,
      "s_3_0": 14,
      "s_3_1": 17,
      "s_3_2": 19,
      "s_4_0": 11,
      "s_4_1": 12,
      "s_4_2": 21,
      "s_5_0": 24,
      "s_5_1": 26,
      "s_5_2": 27
    }
  },
  "optimize_mode": {
    "runs": [
      {
        "status": "sat",
        "elapsed_sec": 0.012668648036196828,
        "makespan": 11,
        "assignment": {
          "s_1_0": 0,
          "s_1_1": 2,
          "s_1_2": 5,
          "s_2_0": 5,
          "s_2_1": 6,
          "s_2_2": 8,
          "s_3_0": 0,
          "s_3_1": 4,
          "s_3_2": 6,
          "s_4_0": 2,
          "s_4_1": 3,
          "s_4_2": 8,
          "s_5_0": 0,
          "s_5_1": 3,
          "s_5_2": 8
        }
      },
      {
        "status": "sat",
        "elapsed_sec": 0.016163627966307104,
        "makespan": 11,
        "assignment": {
          "s_1_0": 0,
          "s_1_1": 3,
          "s_1_2": 10,
          "s_2_0": 2,
          "s_2_1": 6,
          "s_2_2": 8,
          "s_3_0": 0,
          "s_3_1": 3,
          "s_3_2": 9,
          "s_4_0": 2,
          "s_4_1": 3,
          "s_4_2": 6,
          "s_5_0": 0,
          "s_5_1": 5,
          "s_5_2": 8
        }
      },
      {
        "status": "sat",
        "elapsed_sec": 0.01674746593926102,
        "makespan": 11,
        "assignment": {
          "s_1_0": 0,
          "s_1_1": 3,
          "s_1_2": 10,
          "s_2_0": 0,
          "s_2_1": 6,
          "s_2_2": 8,
          "s_3_0": 0,
          "s_3_1": 3,
          "s_3_2": 9,
          "s_4_0": 2,
          "s_4_1": 4,
          "s_4_2": 6,
          "s_5_0": 1,
          "s_5_1": 7,
          "s_5_2": 8
        }
      },
      {
        "status": "sat",
        "elapsed_sec": 0.012831902946345508,
        "makespan": 11,
        "assignment": {
          "s_1_0": 0,
          "s_1_1": 3,
          "s_1_2": 8,
          "s_2_0": 0,
          "s_2_1": 3,
          "s_2_2": 5,
          "s_3_0": 0,
          "s_3_1": 3,
          "s_3_2": 6,
          "s_4_0": 2,
          "s_4_1": 6,
          "s_4_2": 8,
          "s_5_0": 1,
          "s_5_1": 8,
          "s_5_2": 9
        }
      },
      {
        "status": "sat",
        "elapsed_sec": 0.01722877100110054,
        "makespan": 11,
        "assignment": {
          "s_1_0": 0,
          "s_1_1": 2,
          "s_1_2": 10,
          "s_2_0": 5,
          "s_2_1": 6,
          "s_2_2": 8,
          "s_3_0": 0,
          "s_3_1": 4,
          "s_3_2": 6,
          "s_4_0": 2,
          "s_4_1": 3,
          "s_4_2": 8,
          "s_5_0": 0,
          "s_5_1": 3,
          "s_5_2": 8
        }
      }
    ],
    "mean_elapsed_sec": 0.0151280831778422,
    "min_elapsed_sec": 0.012668648036196828,
    "median_elapsed_sec": 0.016163627966307104,
    "optimal_makespan": 11,
    "optimal_assignment": {
      "s_1_0": 0,
      "s_1_1": 2,
      "s_1_2": 5,
      "s_2_0": 5,
      "s_2_1": 6,
      "s_2_2": 8,
      "s_3_0": 0,
      "s_3_1": 4,
      "s_3_2": 6,
      "s_4_0": 2,
      "s_4_1": 3,
      "s_4_2": 8,
      "s_5_0": 0,
      "s_5_1": 3,
      "s_5_2": 8
    }
  },
  "repeats": 5
}