{
  "n_samples": 1797,
  "n_features": 64,
  "n_classes": 10,
  "pca_explained_var_2comp": 0.28509364823699296,
  "pca_explained_var_per_comp": [
    0.14890593584063852,
    0.13618771239635444
  ],
  "tsne_kl_divergence": 0.7535648345947266,
  "tsne_n_iter": 999,
  "silhouette_pca": 0.1050527510536191,
  "silhouette_tsne": 0.5557294487953186,
  "trustworthiness_pca": 0.8296067848479961,
  "trustworthiness_tsne": 0.9917321255184989,
  "n_neighbors_trust": 12,
  "random_state": 0
}