epsilon,scale_Df_over_eps,MAE,RMSE,theoretical_MAE,theoretical_RMSE,theoretical_std
0.010000,100.000000,99.761754,141.348521,100.000000,141.421356,141.421356
0.100000,10.000000,10.030004,14.184018,10.000000,14.142136,14.142136
0.500000,2.000000,2.001839,2.833881,2.000000,2.828427,2.828427
1.000000,1.000000,1.003765,1.420232,1.000000,1.414214,1.414214
2.000000,0.500000,0.500056,0.705806,0.500000,0.707107,0.707107
5.000000,0.200000,0.200015,0.282878,0.200000,0.282843,0.282843
