{
  "brandes_slope_n": 2.2059132041800757,
  "brandes_slope_nm": 1.101361038830111,
  "naive_slope_n": 2.9005825665516625,
  "speedups": {
    "1000": 11.030460399877594,
    "2000": 17.920873847875797
  }
}