f,mean_fpr,sd_fpr,mean_load,mean_fp,theory_actual_load,theory_worst_case
4,0.05206974999999999,0.0003905511456498633,0.095367431640625,10413.95,0.0480463991887613,0.5
8,0.0029772500000000003,0.00010496208588668675,0.095367431640625,595.45,0.0029816143402705553,0.03125
12,0.000197,2.6773907172154714e-05,0.095367431640625,39.4,0.00018626990559855727,0.001953125
16,1.2000000000000002e-05,8.645047258706176e-06,0.095367431640625,2.4,1.1641553238073143e-05,0.0001220703125
