{
  "seed": 20240626,
  "n_trials": 100000,
  "fD": 5,
  "fDp": 4,
  "Delta": 1,
  "bin_width": 0.5,
  "min_count": 30,
  "tail": 30.0,
  "results": [
    {
      "eps": 0.1,
      "b": 10.0,
      "max_ratio": 1.5901639344262297,
      "t_max": 39.75,
      "pooled": 1.1121643337913687,
      "sumD": 47753,
      "sumDp": 42937,
      "bound": 1.1051709180756477
    },
    {
      "eps": 0.5,
      "b": 2.0,
      "max_ratio": 1.918181818181818,
      "t_max": 13.25,
      "pooled": 1.659794495655334,
      "sumD": 50237,
      "sumDp": 30267,
      "bound": 1.6487212707001282
    },
    {
      "eps": 1.0,
      "b": 1.0,
      "max_ratio": 3.1956521739130435,
      "t_max": 10.25,
      "pooled": 2.7406983087834154,
      "sumD": 50237,
      "sumDp": 18330,
      "bound": 2.718281828459045
    },
    {
      "eps": 2.0,
      "b": 0.5,
      "max_ratio": 7.698630136986302,
      "t_max": 7.25,
      "pooled": 7.3736973433142525,
      "sumD": 50237,
      "sumDp": 6813,
      "bound": 7.38905609893065
    }
  ]
}