{
  "n_text_incl_sentinel": 150001,
  "n_text_body": 150000,
  "n_patterns_total": 200,
  "n_patterns_random": 100,
  "n_patterns_text": 100,
  "pattern_lens": [
    3,
    5,
    8,
    12,
    20
  ],
  "ok_count": true,
  "ok_locate": true,
  "stats_all": {
    "count": {
      "n": 200,
      "total_s": 0.0004348879447206855,
      "mean_s": 2.174439723603427e-06,
      "median_s": 1.6299309208989143e-06,
      "min_s": 8.00006091594696e-07,
      "max_s": 6.090034730732441e-06
    },
    "locate": {
      "n": 200,
      "total_s": 11.54103861108888,
      "mean_s": 0.057705193055444394,
      "median_s": 0.0025761709548532963,
      "min_s": 8.200295269489288e-07,
      "max_s": 2.4111567250220105
    },
    "naive": {
      "n": 200,
      "total_s": 1.3724707057699561,
      "mean_s": 0.006862353528849781,
      "median_s": 0.006719872006215155,
      "min_s": 0.00664192799013108,
      "max_s": 0.007507376023568213
    }
  },
  "by_len_all": {
    "3": {
      "n": 34,
      "mean_count_s": 1.084418994758059e-06,
      "mean_locate_s": 0.309768517539316,
      "mean_naive_s": 0.006753260379328448,
      "mean_occ": 23.735294117647058
    },
    "5": {
      "n": 43,
      "mean_count_s": 1.5495285435124884e-06,
      "mean_locate_s": 0.005930855326072941,
      "mean_naive_s": 0.006718855445966298,
      "mean_occ": 0.5348837209302325
    },
    "8": {
      "n": 45,
      "mean_count_s": 2.056311091615094e-06,
      "mean_locate_s": 0.005748975597735908,
      "mean_naive_s": 0.006711353516827027,
      "mean_occ": 0.4444444444444444
    },
    "12": {
      "n": 36,
      "mean_count_s": 2.6397788638456e-06,
      "mean_locate_s": 0.006160002360249766,
      "mean_naive_s": 0.006710266034739713,
      "mean_occ": 0.5555555555555556
    },
    "20": {
      "n": 42,
      "mean_count_s": 3.424331745398896e-06,
      "mean_locate_s": 0.006509958306283113,
      "mean_naive_s": 0.007389728171152196,
      "mean_occ": 0.47619047619047616
    }
  },
  "by_len_text": {
    "3": {
      "n": 20,
      "mean_count_s": 9.800016414374113e-07,
      "mean_locate_s": 0.4533505832601804,
      "mean_naive_s": 0.0067648214928340165,
      "mean_occ": 35.15
    },
    "5": {
      "n": 20,
      "mean_count_s": 1.5909899957478046e-06,
      "mean_locate_s": 0.01274934244574979,
      "mean_naive_s": 0.006713660410605371,
      "mean_occ": 1.15
    },
    "8": {
      "n": 20,
      "mean_count_s": 2.6275694835931064e-06,
      "mean_locate_s": 0.012932859041029587,
      "mean_naive_s": 0.006696053891209886,
      "mean_occ": 1.0
    },
    "12": {
      "n": 20,
      "mean_count_s": 3.499555168673396e-06,
      "mean_locate_s": 0.011086515308124944,
      "mean_naive_s": 0.006703595555154607,
      "mean_occ": 1.0
    },
    "20": {
      "n": 20,
      "mean_count_s": 5.512055940926075e-06,
      "mean_locate_s": 0.013669098395621405,
      "mean_naive_s": 0.007408468244830146,
      "mean_occ": 1.0
    }
  }
}