{
  "config": {
    "N_STREAM": 1000000,
    "N_ITEMS": 100000,
    "S_ZIPF": 1.0,
    "K": 100,
    "seeds": [
      11,
      22,
      33,
      44,
      55
    ],
    "L1": 1000000,
    "n_distinct_seen": 80622
  },
  "results": [
    {
      "w": 512,
      "d": 3,
      "eps_theory": 0.0053091441962090724,
      "delta_theory": 0.049787068367863944,
      "precision_mean": 0.422,
      "recall_mean": 0.422,
      "precision_min": 0.33,
      "precision_max": 0.46,
      "precision_std": 0.04707440918375928,
      "mae_mean": 902.6874178263997,
      "max_overest_mean": 8901.6,
      "fp_true_ranks_flat": [
        50572,
        26606,
        5617,
        20606,
        4501,
        495,
        3474,
        50689,
        4502,
        69154,
        71056,
        2189,
        2972,
        50690,
        6926,
        50136,
        70324,
        2433,
        69326,
        20589,
        5033,
        71057,
        69435,
        70327,
        4503,
        71058,
        66483,
        71236,
        594,
        2561,
        26674,
        35869,
        6457,
        499,
        49490,
        6401,
        494,
        3475,
        3759,
        51710,
        2564,
        50693,
        51233,
        6434,
        36104,
        35393,
        67494,
        2647,
        8296,
        5802,
        72265,
        36105,
        50073,
        70231,
        3113,
        4504,
        50748,
        71240,
        35395,
        50074,
        36571,
        72165,
        552,
        6927,
        71061,
        69509,
        3493,
        25346,
        53584,
        30698,
        14209,
        53582,
        37425,
        53583,
        16874,
        30699,
        43762,
        34592,
        26071,
        10922,
        46764,
        78961,
        24192,
        16507,
        74813,
        24191,
        63772,
        41037,
        57622,
        26712,
        63773,
        71232,
        68180,
        18504,
        69992,
        25349,
        78963,
        41040,
        7358,
        49312,
        26954,
        51092,
        28601,
        71234,
        77920,
        27213,
        13422,
        46767,
        37427,
        17959,
        34115,
        69995,
        19605,
        26955,
        57625,
        77922,
        46769,
        22553,
        46768,
        53585,
        6374,
        58633,
        9669,
        30702,
        76130,
        76134,
        75266,
        76136,
        17383,
        76131,
        76139,
        10074,
        76132,
        76141,
        76137,
        12821,
        36637,
        22524,
        76133,
        76135,
        69046,
        76138,
        54193,
        16511,
        51451,
        26658,
        54196,
        34668,
        11323,
        76143,
        76142,
        22100,
        54198,
        51448,
        28129,
        2410,
        76933,
        10075,
        54197,
        70586,
        24568,
        2543,
        1958,
        56289,
        69052,
        18147,
        76145,
        22526,
        2234,
        63964,
        51450,
        75276,
        54201,
        22525,
        70584,
        46935,
        17390,
        2230,
        54199,
        79096,
        17458,
        23996,
        48085,
        53625,
        30430,
        21376,
        48086,
        23997,
        55599,
        30433,
        41019,
        35243,
        57688,
        53103,
        40721,
        19492,
        17457,
        27542,
        57385,
        56392,
        21382,
        40041,
        19491,
        53406,
        30436,
        41016,
        74434,
        11301,
        70564,
        56185,
        30014,
        40042,
        19298,
        65008,
        57691,
        34793,
        70174,
        80479,
        17686,
        30015,
        47780,
        37351,
        40043,
        23999,
        3139,
        53101,
        1809,
        32779,
        27477,
        23998,
        55602,
        36405,
        70181,
        70606,
        56187,
        9969,
        11157,
        11158,
        14493,
        78604,
        78605,
        12592,
        29373,
        11002,
        29678,
        18970,
        39695,
        14495,
        78606,
        11004,
        23225,
        39697,
        42929,
        78485,
        73599,
        73600,
        21109,
        49041,
        69406,
        78488,
        78489,
        12595,
        64490,
        73601,
        32831,
        37218,
        78492,
        73602,
        9043,
        78610,
        73603,
        78493,
        12596,
        7436,
        17181,
        27083,
        78494,
        53100,
        78495,
        27354,
        21143,
        19489,
        66630,
        78496,
        30427,
        17182,
        78612,
        62311,
        11207
      ]
    },
    {
      "w": 1024,
      "d": 5,
      "eps_theory": 0.0026545720981045362,
      "delta_theory": 0.006737946999085467,
      "precision_mean": 0.9719999999999999,
      "recall_mean": 0.9719999999999999,
      "precision_min": 0.96,
      "precision_max": 0.99,
      "precision_std": 0.011661903789690611,
      "mae_mean": 351.2382426632929,
      "max_overest_mean": 1219.6,
      "fp_true_ranks_flat": [
        106,
        26713,
        20635,
        70013,
        105,
        17392,
        110,
        100,
        100,
        101,
        101,
        106,
        68752,
        110
      ]
    },
    {
      "w": 2048,
      "d": 5,
      "eps_theory": 0.0013272860490522681,
      "delta_theory": 0.006737946999085467,
      "precision_mean": 0.9940000000000001,
      "recall_mean": 0.9940000000000001,
      "precision_min": 0.98,
      "precision_max": 1.0,
      "precision_std": 0.008000000000000007,
      "mae_mean": 145.32045843566272,
      "max_overest_mean": 532.2,
      "fp_true_ranks_flat": [
        100,
        107,
        106
      ]
    },
    {
      "w": 4096,
      "d": 8,
      "eps_theory": 0.0006636430245261341,
      "delta_theory": 0.00033546262790251185,
      "precision_mean": 1.0,
      "recall_mean": 1.0,
      "precision_min": 1.0,
      "precision_max": 1.0,
      "precision_std": 0.0,
      "mae_mean": 49.45889955595247,
      "max_overest_mean": 144.6,
      "fp_true_ranks_flat": []
    },
    {
      "w": 8192,
      "d": 10,
      "eps_theory": 0.00033182151226306703,
      "delta_theory": 4.5399929762484854e-05,
      "precision_mean": 0.9960000000000001,
      "recall_mean": 0.9960000000000001,
      "precision_min": 0.99,
      "precision_max": 1.0,
      "precision_std": 0.00489897948556636,
      "mae_mean": 17.68624941083079,
      "max_overest_mean": 58.4,
      "fp_true_ranks_flat": [
        100,
        100
      ]
    }
  ],
  "min_config_ge_0.95": [
    1024,
    5
  ]
}