{
  "params": {
    "K": 128,
    "H": 4,
    "F": 0.5,
    "P": 0.5,
    "Q": 0.75,
    "M": 20,
    "candidates": [
      "google.com",
      "youtube.com",
      "facebook.com",
      "amazon.com",
      "reddit.com",
      "wikipedia.org",
      "twitter.com",
      "instagram.com",
      "netflix.com",
      "github.com",
      "linkedin.com",
      "discord.com",
      "spotify.com",
      "twitch.tv",
      "paypal.com",
      "dropbox.com",
      "slack.com",
      "zoom.us",
      "ebay.com",
      "craigslist.org"
    ],
    "true_freq": [
      0.2219482120838471,
      0.14796547472256474,
      0.11097410604192355,
      0.08631319358816278,
      0.07398273736128237,
      0.06165228113440198,
      0.049321824907521586,
      0.04315659679408139,
      0.036991368680641186,
      0.03082614056720099,
      0.024660912453760793,
      0.02219482120838471,
      0.018495684340320593,
      0.016029593094944512,
      0.013563501849568433,
      0.011097410604192354,
      0.009864364981504316,
      0.008631319358816277,
      0.007398273736128238,
      0.004932182490752158
    ],
    "seeds": [
      11,
      22,
      33,
      44
    ]
  },
  "rows": [
    {
      "N": 2000,
      "L1_mean": 0.49743535428773333,
      "L1_std": 0.08490936103876132,
      "L1_seeds": [
        0.42261673380133336,
        0.530636742055074,
        0.4151123963906818,
        0.6213755449038442
      ],
      "max_mean": 0.07714169941750594,
      "max_std": 0.014384404472590828,
      "max_seeds": [
        0.08523908544086603,
        0.08643182912795414,
        0.0522521497209414,
        0.08464373338026221
      ]
    },
    {
      "N": 5000,
      "L1_mean": 0.4174502541130256,
      "L1_std": 0.11693277758691731,
      "L1_seeds": [
        0.40010107504662107,
        0.606679643305181,
        0.3751732847140909,
        0.2878470133862095
      ],
      "max_mean": 0.06329917477053656,
      "max_std": 0.022707176465020344,
      "max_seeds": [
        0.05178096447892606,
        0.1002864424474996,
        0.039669696067051875,
        0.06145959608866877
      ]
    },
    {
      "N": 10000,
      "L1_mean": 0.29884651480405666,
      "L1_std": 0.041359674401261946,
      "L1_seeds": [
        0.2371516867949824,
        0.314792706722387,
        0.2922633297774906,
        0.35117833592136666
      ],
      "max_mean": 0.05234822638358281,
      "max_std": 0.01654907083504171,
      "max_seeds": [
        0.027280722572194285,
        0.05976773776232603,
        0.0498511743461376,
        0.07249327085367333
      ]
    },
    {
      "N": 20000,
      "L1_mean": 0.21559799304519045,
      "L1_std": 0.006501534688862774,
      "L1_seeds": [
        0.21241334377258622,
        0.21144041692789367,
        0.21169618535751195,
        0.22684202612276994
      ],
      "max_mean": 0.028413762990514048,
      "max_std": 0.004916582588086448,
      "max_seeds": [
        0.022543969778631684,
        0.029658808611773085,
        0.02572651773563126,
        0.03572575583602017
      ]
    },
    {
      "N": 50000,
      "L1_mean": 0.15146726299436622,
      "L1_std": 0.02065410636858136,
      "L1_seeds": [
        0.16869260497290905,
        0.17025761550710047,
        0.14774250996643162,
        0.11917632153102366
      ],
      "max_mean": 0.02304870437803824,
      "max_std": 0.005961722299417115,
      "max_seeds": [
        0.021978842402540985,
        0.019544672999471185,
        0.03302608148339152,
        0.017645220626749267
      ]
    },
    {
      "N": 100000,
      "L1_mean": 0.11109468315978484,
      "L1_std": 0.021915156369724995,
      "L1_seeds": [
        0.07330990387372593,
        0.12252348366136188,
        0.12149144266284642,
        0.12705390244120512
      ],
      "max_mean": 0.015368462889445943,
      "max_std": 0.0035847377991943875,
      "max_seeds": [
        0.011332835876757319,
        0.013315008965181056,
        0.015927045934425083,
        0.02089896078142031
      ]
    }
  ],
  "loglog_slope_L1": -0.39851857216539666,
  "loglog_slope_max": -0.4283786590752309,
  "L1_ratio_N0_over_Nlast": 4.477580205816726,
  "max_ratio_N0_over_Nlast": 5.0194804758569465,
  "N_for_L1_le_0.1_extrap": 123420.28626372984,
  "anchor_C": 35.13122347196719,
  "consec_N_ratio": [
    0.4,
    0.5,
    0.5,
    0.4,
    0.5
  ],
  "consec_sqrtN_ratio_expected": [
    0.6324555320336759,
    0.7071067811865476,
    0.7071067811865476,
    0.6324555320336759,
    0.7071067811865476
  ],
  "consec_L1_ratio": [
    1.1916039082181313,
    1.3968717499909054,
    1.386128463363835,
    1.4233966388711305,
    1.3634069487962306
  ],
  "consec_max_ratio": [
    1.2186841249850315,
    1.2091942582105921,
    1.842354580104694,
    1.2327705073777535,
    1.4997403802735916
  ],
  "loglog_slope_L1_asymptotic": -0.4105710425027745,
  "loglog_slope_max_asymptotic": -0.3738208394050366
}