psi,auc,seconds
16,0.889435,0.0662
32,0.928271,0.0695
64,0.942422,0.0730
128,0.958604,0.0769
256,0.965833,0.0810
512,0.970661,0.0868
None,0.974012,0.1744
