d,tail_failure_rate_mean,tail_failure_rate_std
1.000000000000000000e+00,3.729720000000000257e-02,2.926817411455657700e-03
2.000000000000000000e+00,1.200399999999999905e-03,2.830756789270318183e-04
3.000000000000000000e+00,5.680000000000001183e-05,7.566875180680594543e-05
4.000000000000000000e+00,5.600000000000000594e-06,1.920000000000000252e-05
5.000000000000000000e+00,0.000000000000000000e+00,0.000000000000000000e+00
8.000000000000000000e+00,0.000000000000000000e+00,0.000000000000000000e+00
