{
  "config": {
    "M": 20,
    "N": 1000,
    "R_VALUES": [
      1,
      16
    ],
    "F_VALUES": [
      0.0,
      0.1,
      0.2,
      0.3,
      0.5
    ],
    "N_QUERIES": 10000,
    "SEEDS": [
      0,
      1,
      2,
      3,
      4
    ],
    "MAX_STEPS": 2000
  },
  "per_seed": {
    "1,0.0": [
      1.0,
      1.0,
      1.0,
      1.0,
      1.0
    ],
    "1,0.1": [
      0.8071,
      0.7899,
      0.7551,
      0.8064,
      0.7617
    ],
    "1,0.2": [
      0.5701,
      0.5742,
      0.5935,
      0.5866,
      0.5716
    ],
    "1,0.3": [
      0.4157,
      0.4074,
      0.4336,
      0.4211,
      0.4307
    ],
    "1,0.5": [
      0.1346,
      0.1743,
      0.1648,
      0.1649,
      0.1527
    ],
    "16,0.0": [
      1.0,
      1.0,
      1.0,
      1.0,
      1.0
    ],
    "16,0.1": [
      1.0,
      1.0,
      1.0,
      1.0,
      1.0
    ],
    "16,0.2": [
      1.0,
      1.0,
      1.0,
      1.0,
      1.0
    ],
    "16,0.3": [
      1.0,
      1.0,
      1.0,
      1.0,
      0.9999
    ],
    "16,0.5": [
      1.0,
      1.0,
      1.0,
      1.0,
      1.0
    ]
  },
  "summary": {
    "1,0.0": [
      1.0,
      0.0
    ],
    "1,0.1": [
      0.7840400000000001,
      0.021921094863167765
    ],
    "1,0.2": [
      0.5791999999999999,
      0.009217591876406762
    ],
    "1,0.3": [
      0.42169999999999996,
      0.009627668461263094
    ],
    "1,0.5": [
      0.15826,
      0.01367371200515793
    ],
    "16,0.0": [
      1.0,
      0.0
    ],
    "16,0.1": [
      1.0,
      0.0
    ],
    "16,0.2": [
      1.0,
      0.0
    ],
    "16,0.3": [
      0.9999800000000001,
      3.999999999999559e-05
    ],
    "16,0.5": [
      1.0,
      0.0
    ]
  }
}