{
  "cuckoo": {
    "b": 4,
    "f": 12,
    "num_buckets": 32768,
    "target_load": 0.762939453125,
    "actual_load": 0.762939453125,
    "insert_failures": 0,
    "retained_hits": 50000,
    "retained_total": 50000,
    "false_negative_rate": 0.0,
    "deleted_residual_hits": 31,
    "deleted_residual_rate": 0.00062,
    "fresh_fpr": 0.00074,
    "theoretical_cuckoo_fpr": 0.001951456884604852
  },
  "bloom": {
    "m": 1200000,
    "k": 8,
    "bloom_fpr_fresh": 0.0031,
    "theoretical_bloom_fpr": 0.003142350345702593,
    "n_other_keys_sharing_bits_with_victim": 5,
    "false_negatives_after_naive_delete": 5,
    "false_negative_rate_on_shared": 1.0,
    "example_victim": "968f098d42b7767983c193cb0e90bd99",
    "example_victim_bit_positions": [
      923263,
      425372,
      1127481,
      629590,
      131699,
      833808,
      335917,
      1038026
    ]
  },
  "params": {
    "N": 100000,
    "B": 4,
    "F": 12,
    "seed": 42,
    "m_bloom": 1200000,
    "k_bloom": 8
  }
}