k,eps_q = eps_total/k,scale = Δf/ε_q,predicted |Y| = Δf/ε_q,measured mean |Y|,measured median |Y|,SEM (mean),ratio measured/predicted
1,1.0,1.0,1.0,0.9899377909209592,0.6896419138027634,0.01411004038372777,0.9899377909209592
5,0.2,5.0,5.0,4.978364543162059,3.4202077023415507,0.031567821905099755,0.9956729086324119
10,0.1,10.0,10.0,10.015374292550275,6.931042313351527,0.044797961038134125,1.0015374292550274
20,0.05,20.0,20.0,20.00262684451995,13.91595849012393,0.06326140313406554,1.0001313422259974
50,0.02,50.0,50.0,49.94100720948737,34.6718498548383,0.09969715532742904,0.9988201441897473
