{
  "graph": {
    "n": 1000,
    "m": 2044,
    "params": {
      "n": 1000,
      "tau1": 3,
      "tau2": 1.5,
      "mu": 0.4,
      "average_degree": 6,
      "min_community": 20,
      "seed": 0
    }
  },
  "total_passes": 4,
  "best_pass_index": 3,
  "best_Q": 0.5597322457787769,
  "final_Q": 0.5597322457787769,
  "final_n_communities": 20,
  "per_pass": [
    {
      "pass_index": 0,
      "n_communities": 323,
      "Q": 0.3600659512256765
    },
    {
      "pass_index": 1,
      "n_communities": 83,
      "Q": 0.5235488288954163
    },
    {
      "pass_index": 2,
      "n_communities": 24,
      "Q": 0.5593942798549332
    },
    {
      "pass_index": 3,
      "n_communities": 20,
      "Q": 0.5597322457787769
    }
  ],
  "delta_Q_between_passes": [
    0.16348287766973985,
    0.035845450959516856,
    0.0003379659238437194
  ],
  "delta_n_communities_between_passes": [
    -240,
    -59,
    -4
  ]
}