{
  "config": {
    "d": 100,
    "n_pairs": 1000,
    "seed": 42,
    "b_values": [
      16,
      64,
      256,
      1024
    ],
    "G_rows": 1024
  },
  "ground_truth": {
    "cos_mean": -0.0021358548412530338,
    "cos_std": 0.10132620528893521,
    "cos_min": -0.2812433685764525,
    "cos_max": 0.3508987433546744,
    "angle_mean": 1.572928750336957,
    "angle_std": 0.10188307027993584,
    "angle_min": 1.2122656235484008,
    "angle_max": 1.8558858566910412
  },
  "results": [
    {
      "b": 16,
      "mae_cos": 0.2926747369863438,
      "rmse_cos": 0.3546360094992306,
      "mae_angle": 0.3088341738503077,
      "rmse_angle": 0.38303956136427686,
      "rmse_cos_x_sqrt_b": 1.4185440379969223,
      "rmse_angle_x_sqrt_b": 1.5321582454571074,
      "mae_cos_x_sqrt_b": 1.170698947945375,
      "mae_angle_x_sqrt_b": 1.2353366954012308,
      "std_hamming_ratio": 0.12650307246762824,
      "std_angle_est": 0.39742112312083805,
      "std_cos_est": 0.36755198765881764
    },
    {
      "b": 64,
      "mae_cos": 0.15438075121365588,
      "rmse_cos": 0.18895392037705525,
      "mae_angle": 0.1569777716855414,
      "rmse_angle": 0.19303421997170947,
      "rmse_cos_x_sqrt_b": 1.511631363016442,
      "rmse_angle_x_sqrt_b": 1.5442737597736758,
      "mae_cos_x_sqrt_b": 1.235046009709247,
      "mae_angle_x_sqrt_b": 1.2558221734843311,
      "std_hamming_ratio": 0.06939519518838733,
      "std_angle_est": 0.2180114353982674,
      "std_cos_est": 0.21330267405264816
    },
    {
      "b": 256,
      "mae_cos": 0.07830369185921521,
      "rmse_cos": 0.09898062091560865,
      "mae_angle": 0.07901436603078509,
      "rmse_angle": 0.10006664746079035,
      "rmse_cos_x_sqrt_b": 1.5836899346497384,
      "rmse_angle_x_sqrt_b": 1.6010663593726455,
      "mae_cos_x_sqrt_b": 1.2528590697474433,
      "mae_angle_x_sqrt_b": 1.2642298564925614,
      "std_hamming_ratio": 0.04655194668576573,
      "std_angle_est": 0.14624725371830533,
      "std_cos_est": 0.14467603697162268
    },
    {
      "b": 1024,
      "mae_cos": 0.03818723754169231,
      "rmse_cos": 0.04813193742495367,
      "mae_angle": 0.03841529361440972,
      "rmse_angle": 0.04842253205893631,
      "rmse_cos_x_sqrt_b": 1.5402219975985174,
      "rmse_angle_x_sqrt_b": 1.549521025885962,
      "mae_cos_x_sqrt_b": 1.2219916013341539,
      "mae_angle_x_sqrt_b": 1.229289395661111,
      "std_hamming_ratio": 0.036070990172909566,
      "std_angle_est": 0.1133203577349223,
      "std_cos_est": 0.11253768898077576
    }
  ],
  "loglog_slopes": {
    "rmse_cos": -0.47883171757493714,
    "rmse_angle": -0.4949562180193378,
    "mae_cos": -0.4896873959024982,
    "mae_angle": -0.500580627411342
  }
}