{
  "w": 1024,
  "eps": 0.0026545720981045362,
  "N": 100000,
  "N_UPD": 1000000,
  "S_ZIPF": 1.0,
  "L1": 1000000.0,
  "distinct": 80622,
  "T": 2654.572098104536,
  "N_SEEDS": 3000,
  "P_PRIME": 2147483647,
  "FLOOR": 3.3333333333333334e-09,
  "under_count": 0,
  "mean": {
    "1": 0.038635383333333335,
    "2": 0.0014849499999999999,
    "3": 5.8566666666666676e-05,
    "4": 2.2833333333333332e-06,
    "5": 1.1e-07,
    "8": 0.0
  },
  "sem": {
    "1": 0.00018823191869039526,
    "2": 1.4345174738933691e-05,
    "3": 1.388036847314908e-06,
    "4": 1.9106970501282383e-07,
    "5": 3.6312923755867626e-08,
    "8": 0.0
  },
  "theory": {
    "1": 0.3678794411714424,
    "2": 0.13533528323661267,
    "3": 0.04978706836786394,
    "4": 0.01831563888873418,
    "5": 0.006737946999085467,
    "8": 0.0003354626279025118
  },
  "p1": 0.038635383333333335,
  "p1_pow_d": {
    "1": 0.038635383333333335,
    "2": 0.0014926928453136113,
    "3": 5.767076027761541e-05,
    "4": 2.228131930450445e-06,
    "5": 8.608473125019294e-08,
    "8": 4.964571899492825e-12
  },
  "fit_slope": -3.201589744788425,
  "fit_intercept": -0.10002385563603904,
  "fit_multiplier": 0.040697453958666904
}