{
  "dataset": {
    "n_samples": 5000,
    "n_features": 2,
    "k": 10,
    "data_seed": 42
  },
  "kmeans_settings": {
    "n_init": 1,
    "tol": 0.0001,
    "max_iter": 300,
    "random_states": [
      0,
      1,
      2,
      3,
      4,
      5,
      6,
      7,
      8,
      9,
      10,
      11,
      12,
      13,
      14,
      15,
      16,
      17,
      18,
      19,
      20,
      21,
      22,
      23,
      24,
      25,
      26,
      27,
      28,
      29
    ]
  },
  "kmeanspp": {
    "name": "k-means++",
    "mean": 8.566666666666666,
    "std": 3.3392476267332554,
    "min": 4,
    "median": 7.5,
    "max": 16,
    "values": [
      8,
      13,
      8,
      5,
      16,
      11,
      6,
      8,
      6,
      6,
      6,
      16,
      7,
      6,
      7,
      12,
      5,
      9,
      6,
      9,
      5,
      13,
      7,
      6,
      10,
      14,
      10,
      11,
      4,
      7
    ]
  },
  "random": {
    "name": "random",
    "mean": 10.566666666666666,
    "std": 3.5202207349807635,
    "min": 6,
    "median": 10.5,
    "max": 21,
    "values": [
      8,
      11,
      21,
      6,
      7,
      11,
      10,
      12,
      8,
      6,
      11,
      11,
      15,
      9,
      9,
      14,
      15,
      14,
      12,
      10,
      8,
      7,
      8,
      7,
      11,
      18,
      11,
      11,
      9,
      7
    ]
  }
}