n_estimators,psi,n_repeats,mean_auc,std_auc,min_auc,max_auc,mean_score_var,std_score_var,max_score_var,mean_score_std,mean_score,score_var_normal,score_var_anomaly,top1pct_score_std,mean_time_sec
10,256,30,0.7096319037037037,0.07370622590050419,0.562919111111111,0.8281395555555556,0.0010384454737532754,0.00047621981155983865,0.003678303938707245,0.031398560101213675,0.44447785620834407,0.0010161055546725997,0.0012395047454793538,0.04369780244242178,0.010555521647135416
50,256,30,0.7484195555555554,0.05211258026577245,0.6341515555555556,0.8643715555555556,0.0002127898776342918,9.867375773958634e-05,0.0006922965863226691,0.014193808997235624,0.4447018093087757,0.00020824277184086542,0.00025371382977512977,0.019515206424023584,0.04064480463663737
100,256,30,0.7601222074074073,0.03433568602634482,0.6894840000000001,0.8330182222222223,0.00011365870089050736,4.920409390256536e-05,0.0003607009264330447,0.01041399456423023,0.4457846634554796,0.00011287895000581743,0.00012067645885271678,0.013966185380689009,0.07811589241027832
200,256,30,0.761205214814815,0.025699098317257744,0.7088795555555556,0.8101884444444445,5.383263330772828e-05,2.3721602073734e-05,0.00017517300154191797,0.007159469746769514,0.44549160933939624,5.3343878304782745e-05,5.823142833423816e-05,0.00980003593414651,0.15520708560943602
500,256,30,0.7595972148148147,0.013627101448369308,0.7292128888888889,0.7806728888888889,2.1399771040217923e-05,9.679776959945778e-06,7.627674253703259e-05,0.004510116060256836,0.4454385529001332,2.1209391756658634e-05,2.3113184592251556e-05,0.006299391958969549,0.37922141551971433
