N,mean_hops,max_hops,median_hops,p99_hops,log2_N,mean_over_log2,time_seconds
100,4.196300,8,4.000000,7,6.643856,0.631606,0.032
200,4.720900,9,5.000000,7,7.643856,0.617607,0.039
500,5.354100,10,5.000000,8,8.965784,0.597170,0.061
1000,5.851400,12,6.000000,9,9.965784,0.587149,0.090
2000,6.385000,12,6.000000,10,10.965784,0.582266,0.143
