{
  "N": 100000,
  "seeds": [
    1001,
    1002,
    1003,
    1004,
    1005,
    1006,
    1007,
    1008,
    1009,
    1010,
    1011,
    1012,
    1013,
    1014,
    1015,
    1016,
    1017,
    1018,
    1019,
    1020,
    1021,
    1022,
    1023,
    1024,
    1025,
    1026,
    1027,
    1028,
    1029,
    1030
  ],
  "rows": [
    {
      "p": 8,
      "m": 256,
      "mean_rel": -0.00576888798043597,
      "std_rel": 0.07317484202411496,
      "mean_abs_rel": 0.05877989271947783,
      "theory_se": 0.065
    },
    {
      "p": 10,
      "m": 1024,
      "mean_rel": -0.009550448656518154,
      "std_rel": 0.020809793185862294,
      "mean_abs_rel": 0.018670658455096585,
      "theory_se": 0.0325
    },
    {
      "p": 12,
      "m": 4096,
      "mean_rel": -0.0064441716150776965,
      "std_rel": 0.012244966533544777,
      "mean_abs_rel": 0.010152617462893726,
      "theory_se": 0.01625
    },
    {
      "p": 14,
      "m": 16384,
      "mean_rel": -0.0012711660038528883,
      "std_rel": 0.008420196124921673,
      "mean_abs_rel": 0.00680924000252758,
      "theory_se": 0.008125
    }
  ]
}