{
  "dataset": {
    "N": 20000,
    "D": 10,
    "contamination": 0.1,
    "n_anomalies": 2000,
    "seed": 0
  },
  "iforest": {
    "auc": 0.9977673611111111,
    "fit_ms_mean": 159.58214659476653,
    "pred_ms_mean": 331.1354159959592,
    "total_ms": 490.7175625907257
  },
  "lof": {
    "auc": 0.9968006944444444,
    "fit_ms_mean": 4471.002822811715,
    "pred_ms_mean": 0.003292202018201351,
    "total_ms": 4471.0061150137335
  },
  "auc_delta": 0.0009666666666666712,
  "speedup": 9.111159770620839,
  "n_reps": 5
}