{
  "graph": {
    "nodes": 1000,
    "edges": 2044
  },
  "params_used": {
    "n": 1000,
    "tau1": 3,
    "tau2": 1.5,
    "mu": 0.4,
    "average_degree": 6,
    "min_community": 20,
    "seed": 0
  },
  "total_passes": 4,
  "per_level": [
    {
      "level": 0,
      "Q": 0.3600659512256765,
      "n_communities": 323
    },
    {
      "level": 1,
      "Q": 0.5235488288954163,
      "n_communities": 83
    },
    {
      "level": 2,
      "Q": 0.5593942798549332,
      "n_communities": 24
    },
    {
      "level": 3,
      "Q": 0.5597322457787769,
      "n_communities": 20
    }
  ]
}