{
  "stats": {
    "ZDT1": {
      "igd_mean": 0.0261094808784607,
      "igd_std": 0.012187328885443433,
      "hv_mean": 0.8332798587635264,
      "hv_std": 0.018569663666870552,
      "igd_min": 0.0107426397710528,
      "igd_max": 0.07268321716025182,
      "hv_min": 0.7629838427419653,
      "hv_max": 0.8572589922171554,
      "igd_median": 0.02630028490449764,
      "hv_median": 0.8329574703752594
    },
    "ZDT2": {
      "igd_mean": 0.06603994514680389,
      "igd_std": 0.08386532934042011,
      "hv_mean": 0.443023408183409,
      "hv_std": 0.0744109284937997,
      "igd_min": 0.018366162362835302,
      "igd_max": 0.4987665481923872,
      "hv_min": 0.09857861463170188,
      "hv_max": 0.5089349554393792,
      "igd_median": 0.04821946068135789,
      "hv_median": 0.45956886658937535
    }
  },
  "convergence": {
    "gens": [
      25,
      50,
      75,
      100,
      125,
      150,
      175,
      200,
      225,
      250
    ],
    "ZDT1_mean": [
      0.4693856272127393,
      0.25013705339339876,
      0.18057885132099877,
      0.13748740305744694,
      0.10639572939951139,
      0.08029451032709929,
      0.05931436950503659,
      0.04492037369801698,
      0.03279857688194316,
      0.0261094808784607
    ],
    "ZDT1_std": [
      0.05388637689730419,
      0.040918137138856746,
      0.0334956435419787,
      0.027420911315724494,
      0.024736571059917212,
      0.021617737333561596,
      0.018969968686256614,
      0.015547298809578083,
      0.013581874536422742,
      0.012187328885443433
    ],
    "ZDT2_mean": [
      0.9592188303592252,
      0.5641073645397714,
      0.4209250464076849,
      0.31544404395674547,
      0.2386755769020542,
      0.17900754294037302,
      0.14083977636076286,
      0.11122322577746634,
      0.08659141626529714,
      0.06603994514680389
    ],
    "ZDT2_std": [
      0.15592685959705826,
      0.13877710836330845,
      0.13331432974019056,
      0.12456349890479126,
      0.11972778296512047,
      0.11248104928305597,
      0.11257267232720915,
      0.10723345621046224,
      0.10266866739515265,
      0.08386532934042011
    ]
  },
  "per_seed": {
    "seeds": [
      1,
      2,
      3,
      4,
      5,
      6,
      7,
      8,
      9,
      10,
      11,
      12,
      13,
      14,
      15,
      16,
      17,
      18,
      19,
      20,
      21,
      22,
      23,
      24,
      25,
      26,
      27,
      28,
      29,
      30,
      31
    ],
    "ZDT1_igd": [
      0.015318770194021461,
      0.030330710723858772,
      0.02663877392987854,
      0.015356686744617418,
      0.0107426397710528,
      0.030018139566594274,
      0.018715970895577683,
      0.03349969301021715,
      0.02904850965278163,
      0.07268321716025182,
      0.026447287586484465,
      0.02763267081487024,
      0.01399789464135126,
      0.01462239962496215,
      0.029208951492668517,
      0.015263998411278568,
      0.02783359586352369,
      0.023697122165059894,
      0.02630028490449764,
      0.04885972251079947,
      0.025849429559855763,
      0.03968994315742752,
      0.019646368264379505,
      0.024609877623538123,
      0.02972539237103897,
      0.01989202308851719,
      0.016117208765978868,
      0.0288072084248194,
      0.012552636164204716,
      0.03689486335447725,
      0.01939191679369678
    ],
    "ZDT1_hv": [
      0.8501308888515678,
      0.8260173950936797,
      0.8323102441053639,
      0.8498170387426591,
      0.8572589922171554,
      0.8270122745510329,
      0.8446629908434714,
      0.8213311745063776,
      0.828798911935557,
      0.7629838427419653,
      0.8324992258267502,
      0.8309339185331053,
      0.8519542825995129,
      0.8511827770910212,
      0.8277083514633463,
      0.8500360408756713,
      0.8303886802993871,
      0.8368782457781475,
      0.8329574703752594,
      0.7990122880517059,
      0.8334113963563565,
      0.8127360187878877,
      0.842991816404303,
      0.8352113902712428,
      0.8280120281781153,
      0.8426517465130314,
      0.8486238323685714,
      0.829172092536847,
      0.8544020102803014,
      0.817050672758317,
      0.8435375827316083
    ],
    "ZDT2_igd": [
      0.07396108967703446,
      0.061449661093191096,
      0.4987665481923872,
      0.03896278323379092,
      0.063474962431916,
      0.030689672117568095,
      0.08055883334012971,
      0.027033629643255817,
      0.07422766546765877,
      0.04915817998854587,
      0.02567511015188853,
      0.0447015359907495,
      0.04101251422511688,
      0.04821946068135789,
      0.12387268154082841,
      0.08773605508991839,
      0.07621200836158097,
      0.020996912935198446,
      0.018366162362835302,
      0.030666258330481266,
      0.05944756895472393,
      0.03421523968547771,
      0.02018208432886668,
      0.05401290953075222,
      0.0687953011967929,
      0.03507596093225294,
      0.030222634799405703,
      0.060891834120318,
      0.08427916282311719,
      0.03763824122504181,
      0.046735637098738236
    ],
    "ZDT2_hv": [
      0.4192013585761103,
      0.43658150105992166,
      0.09857861463170188,
      0.47428047419149943,
      0.4356220670638985,
      0.4882626815703813,
      0.409435710663009,
      0.4944271711957873,
      0.4178888031043483,
      0.4575295722484565,
      0.49625877287988274,
      0.46483521881508627,
      0.47066254991016376,
      0.45956886658937535,
      0.34736316215773594,
      0.3972693712641218,
      0.41168251984051385,
      0.5040632652663334,
      0.5089349554393792,
      0.48798793277472025,
      0.4405672867877725,
      0.4823419233126042,
      0.5057048999911149,
      0.4501994670518495,
      0.4249973818534284,
      0.4813180767620604,
      0.488903849631173,
      0.4396743741769275,
      0.4023331963691398,
      0.4755044451392533,
      0.4617461833679297
    ]
  }
}