{
  "settings": {
    "D": 16384,
    "N": 500,
    "NSET": 256,
    "B": 256,
    "seed": 42,
    "pairs": 124750
  },
  "truth": {
    "cos_mean": 0.015610470941883767,
    "cos_min": 0.0,
    "cos_max": 0.05859375,
    "jac_mean": 0.007881793515870346,
    "jac_min": 0.0,
    "jac_max": 0.030181086519114688
  },
  "simhash_princ": {
    "mean": 0.07782685988175365,
    "median": 0.06575206359966745,
    "p95": 0.19118407201612833,
    "max": 0.424242060097637,
    "std": 0.05863463378479344
  },
  "simhash_linear": {
    "mean": 0.0499565380761523,
    "median": 0.04296875,
    "p95": 0.125,
    "max": 0.28125,
    "std": 0.03785825886996467
  },
  "minhash": {
    "mean": 0.004174713579668061,
    "median": 0.003844734251968504,
    "p95": 0.011579792490118578,
    "max": 0.036794855864811134,
    "std": 0.003556005229072616
  },
  "diff_est": {
    "mean": 0.07822205949905761,
    "median": 0.06575206359966745,
    "p95": 0.19118407201612833,
    "max": 0.420335810097637,
    "std": 0.05892629190308894
  },
  "diff_est_gt001": 114707,
  "corr_est": 0.048517557938403316,
  "corr_truth": 0.9999850959933482
}